Respondent_ID,UI_Aesthetics_1to5,Reading_Relevance_1to5,Transaction_Speed_1to5,Conversational_Empathy_1to5,Overall_Satisfaction_1to5,Feedback_Comments
1,5,4,5,4,5,Immersive interface, transaction took less than a second.
2,4,5,5,4,4,Loved the glowing purples and smooth card flip.
3,5,5,4,5,5,AI understood my question perfectly. Very empathetic.
4,4,4,5,4,4,Instant transaction and SSE unlock. Amazing.
5,5,5,5,5,5,The Arc-Spread animation on mobile was gorgeous.
6,5,4,5,4,5,High speed payment match via SePay. Very cool.
7,4,5,4,4,4,Highly relevant and structured response from AI.
8,5,4,5,5,5,Empathy tone is extremely natural, not robotic.
9,4,4,5,4,4,Great UI, worked beautifully on my iPhone.
10,5,5,5,5,5,Perfect bank sync, transaction solved in 1.2s.
11,5,5,4,4,5,Deeply insightful career reading. Highly recommended.
12,4,4,5,5,4,Smooth CSS animations and solid performance.
13,5,4,5,4,5,Very fast loading, clean glassmorphism sidebar.
14,5,5,5,5,5,Outstanding user experience. Safe and highly secure.
15,4,5,4,4,4,AI analysis was highly personalized.
16,5,4,5,5,5,Beautiful golden gradient aesthetic.
17,4,4,5,4,4,VietQR code payment was extremely frictionless.
18,5,5,5,5,5,Highly detailed tarot guidance. I am impressed.
19,5,5,4,4,5,Smooth transaction flow on dynamic QR.
20,4,4,5,5,4,Excellent design choices, very elegant.
21,5,4,5,4,5,Fast response and zero deadlocks.
22,4,5,5,4,4,Highly engaging chatbot conversation.
23,5,5,4,5,5,Great spiritual guidance combined with fast webtech.
24,4,4,5,4,4,Card dealing physics look incredibly natural.
25,5,5,5,5,5,Truly state of the art application! Loved it.
26,5,4,5,4,5,Frictionless and fast token buying system.
27,4,5,4,4,4,Helpful career suggestions from the AI reader.
28,5,4,5,5,5,Amazing purple dark theme, very spiritual.
29,4,4,5,4,4,Fastest automatic bank reconciliation I've seen.
30,5,5,5,5,5,Perfect coordinates alignment on mobile.
31,5,5,4,4,5,Highly empathetic, felt like talking to a human.
32,4,4,5,5,4,Beautiful custom gold gradients.
33,5,4,5,4,5,Smooth SSE streaming text, no lags.
34,5,5,5,5,5,Fast transaction, very satisfying response.
35,4,5,4,4,4,Relevant relationship reading. Very clear.
36,5,4,5,5,5,Stunning graphics. Absolute masterclass.
37,4,4,5,4,4,Very convenient payment and fast callback.
38,5,5,5,5,5,AI synthetically merged the 3 cards perfectly.
39,5,5,4,4,5,Felt highly secure and polished.
40,4,4,5,5,4,Dynamic sizing works perfectly on narrow viewports.
41,5,4,5,4,5,Highly structured response, great formatting.
42,4,5,5,4,4,Intuitive layout, extremely easy to use.
43,5,5,4,5,5,Empathetic and mysterious tone was perfect.
44,4,4,5,4,4,Quick token update inside profile.
45,5,5,5,5,5,The best digital tarot experience currently available.
46,5,4,5,4,5,Immersive dark theme, fast payments.
47,4,5,4,4,4,Clean API integrations and fast stream.
48,5,4,5,5,5,Highly detailed explanations of the Major Arcana.
49,4,4,5,4,4,Excellent web design and layout alignment.
50,5,5,5,5,5,Extremely responsive and fast banking callback.
